identifier,record_id,revision_id,type,updated_by,updated,author,id,hridShelter,feature.source,overview.photo,shelter.type,belongs.to.shelter.subtype,locale.description,take.point.from.gps,landuse.on.top,landuse.around,feature.note,Map,entryway.type,accessiblity.of.shelter.during.visit,entryway.direction,entryway.photo,comments.on.entryway,emergency.exit.shape,emergency.exit.location,distance.from.swan.neck.to.emergency.exit.m,emergency.exit.photo,notes.on.emergency.exit,interior.description,comments.and.recommendations,day,longitude,latitude
0293-III-Adela,rec-d2779ce6-cdec-49ed-a588-9c60e59128c7,frev-3475d206-5039-4bd4-868c-2bee5461dc53,Shelter,109468306189159e6,2024-10-05T12:07:59Z,Adela,293,0293-III-Adela,Tommy Cassoes data,overview-photo/0293-III-Adela-overview-photo.jpg,III,Single iteration,"Corner of Kongevajen and Oddervej,bdnr 472","{ ""type"": ""Feature"", ""properties"": { ""timestamp"": 1728130068507, ""altitude"": 80, ""speed"": 0.23590359091758728, ""heading"": 345.68585205078125, ""accuracy"": 9.5, ""altitude_accuracy"": 14.273073196411133 }, ""geometry"": { ""type"": ""Point"", ""coordinates"": [ 10.208670100000001, 56.125132499999999 ] } }",Trees,Grassland or park,NA,1,Concrete slabs,Barred (concrete slabs or earthen cover bar access fully or partially),W,entryway-photo/0293-III-Adela-entryway-photo.jpg,"No gaps, trees obscure access,  make it poorly visible",Square,Side,0.4,emergency-exit-photo/0293-III-Adela-emergency-exit-photo.jpg,In trees so swanneck obscured,Inaccessible,NA,5,10.2086701,56.1251325
0294-III-Adela,rec-f5cd2560-1fdd-4faf-924c-f5e6061de1a7,frev-171eb205-9ba4-4f48-84bb-ba9c2aea3919,Shelter,109468306189159e6,2024-10-05T12:25:49Z,Adela,294,0294-III-Adela,Tommy Cassoes data,overview-photo/0294-III-Adela-overview-photo.jpg,III,Single iteration,"Oddervej, no 475?, one of three","{ ""type"": ""Feature"", ""properties"": { ""timestamp"": 1728130831781, ""altitude"": 88.699996948242188, ""speed"": 0.065106503665447235, ""heading"": 0, ""accuracy"": 9.5, ""altitude_accuracy"": 59.979171752929688 }, ""geometry"": { ""type"": ""Point"", ""coordinates"": [ 10.2074528, 56.121600200000003 ] } }",Trees,Forest,NA,1,Concrete slabs,Barred (concrete slabs or earthen cover bar access fully or partially),E,entryway-photo/0294-III-Adela-entryway-photo.jpg,NA,Square,Side,0.3,emergency-exit-photo/0294-III-Adela-emergency-exit-photo.jpg,emergency-exit-photo/0294-III-Adela-emergency-exit-photo_1.jpg,NA,Inaccessible,5,10.2074528,56.1216002
0295-III-Adela,rec-65dd3755-4b30-4e17-8812-cfa99f787a26,frev-297e9ea5-d4ab-4ca0-9957-9b5f90ac5286,Shelter,109468306189159e6,2024-10-05T12:35:37Z,Adela,295,0295-III-Adela,Tommy Cassoes data,overview-photo/0295-III-Adela-overview-photo.jpg,III,Single iteration,"Oddervej one of three, invisible from the road due to trees","{ ""type"": ""Feature"", ""properties"": { ""timestamp"": 1728131641086, ""altitude"": 90, ""speed"": 0.0011485670693218708, ""heading"": 0, ""accuracy"": 9.6999998092651367, ""altitude_accuracy"": 94.187248229980469 }, ""geometry"": { ""type"": ""Point"", ""coordinates"": [ 10.207637399999999, 56.121668399999997 ] } }",Trees,Forest,"Hard to see from road , easy from inside forest",1,Concrete slabs,Barred (concrete slabs or earthen cover bar access fully or partially),E,entryway-photo/0295-III-Adela-entryway-photo.jpg,"Overgrown with wine, inaccessible from the road, some 50cm above sidewalk",Square,Side,0.3,emergency-exit-photo/0295-III-Adela-emergency-exit-photo.jpg,Overgrown thinly with vine,Inaccessible,NA,5,10.2076374,56.1216684
0296-III-Adela,rec-6499da6d-6a17-4a25-9cd3-a11d671769a9,frev-a36dabfa-aa39-4d68-87ea-cd9526074c3d,Shelter,109468306189159e6,2024-10-05T12:43:22Z,Adela,296,0296-III-Adela,Tommy Cassoes data,overview-photo/0296-III-Adela-overview-photo.jpg,III,Single iteration,"Oddervej,  one of three at475+477+478","{ ""type"": ""Feature"", ""properties"": { ""timestamp"": 1728131822704, ""altitude"": 88.699996948242188, ""speed"": 0, ""heading"": 0, ""accuracy"": 10.300000190734863, ""altitude_accuracy"": 60.360309600830078 }, ""geometry"": { ""type"": ""Point"", ""coordinates"": [ 10.2065267, 56.121628299999998 ] } }",Trees,Forest,NA,1,Concrete slabs,Barred (concrete slabs or earthen cover bar access fully or partially),E,entryway-photo/0296-III-Adela-entryway-photo.jpg,Invisible due to vegetation,Square,Side,0.3,emergency-exit-photo/0296-III-Adela-emergency-exit-photo.jpg,emergency-exit-photo/0296-III-Adela-emergency-exit-photo_1.jpg,NA,Inaccessible,5,10.2065267,56.1216283
0297-III-Adela,rec-e9a34a9d-fba0-466e-bb4f-1cfb8af77817,frev-cd0d018b-bdf9-44aa-8aaa-520ecad271fa,Shelter,109468306189159e6,2024-10-05T13:10:41Z,Adela,297,0297-III-Adela,Tommy Cassoes data,overview-photo/0297-III-Adela-overview-photo.jpg,III,Single iteration,Højbjerg library,"{ ""type"": ""Feature"", ""properties"": { ""timestamp"": 1728133418371, ""altitude"": 88.699996948242188, ""speed"": 0, ""heading"": 0, ""accuracy"": 12.100000381469727, ""altitude_accuracy"": 60.360309600830078 }, ""geometry"": { ""type"": ""Point"", ""coordinates"": [ 10.206518300000001, 56.113296699999999 ] } }",Shrubs,Urban structures or paved,"Shelter is part under the parking area, part under hedge",1,Doorway,Locked,NNW,entryway-photo/0297-III-Adela-entryway-photo.jpg,"Accessible via staircase from the library parking lot,  doorway opens onto residential garden and parking lot",Square,Side,0.3,emergency-exit-photo/0297-III-Adela-emergency-exit-photo.jpg,emergency-exit-photo/0297-III-Adela-emergency-exit-photo_1.jpg,"In the parking lot, behind the building",Inaccessible,5,10.2065183,56.1132967
0298-III-Adela,rec-699adece-42ff-4cb2-b278-4d3db4459d62,frev-c27df0bd-c0e1-4216-9796-2c70ed00109f,Shelter,109468306189159e6,2024-10-05T13:33:33Z,Adela,298,0298-III-Adela,Tommy Cassoes data,overview-photo/0298-III-Adela-overview-photo.jpg,III,Single iteration,"Dybrovej turn ved hotel kragelund, edge of parking lot.","{ ""type"": ""Feature"", ""properties"": { ""timestamp"": 1728134971718, ""altitude"": 83.299999999999997, ""speed"": 0.31568539142608643, ""heading"": 13.714175224304199, ""accuracy"": 8.3000001907348633, ""altitude_accuracy"": 132 }, ""geometry"": { ""type"": ""Point"", ""coordinates"": [ 10.201264399999999, 56.113294000000003 ] } }",Trees,Forest,NA,1,Concrete slabs,Barred (concrete slabs or earthen cover bar access fully or partially),N,entryway-photo/0298-III-Adela-entryway-photo.jpg,Hidden beh8nd parked trailer and storage containers in the corner of parking lot,Square,Side,0.3,emergency-exit-photo/0298-III-Adela-emergency-exit-photo.jpg,NA,Inaccessible,NA,5,10.2012644,56.113294
0299-III-Adela,rec-d72f6ab5-3f7a-458d-b6a3-5cf4b9142e9d,frev-519a18e5-eb6d-445e-805b-01c631940f29,Shelter,109468306189159e6,2024-10-05T13:52:40Z,Adela,299,0299-III-Adela,Tommy Cassoes data,overview-photo/0299-III-Adela-overview-photo.jpg,III,Single iteration,Elverdalsvej in a quiet residential area park edge,"{ ""type"": ""Feature"", ""properties"": { ""timestamp"": 1728136354004, ""altitude"": 99.599999999999994, ""speed"": 0.60418832302093506, ""heading"": 209.08146667480469, ""accuracy"": 8.3000001907348633, ""altitude_accuracy"": 129.69999694824219 }, ""geometry"": { ""type"": ""Point"", ""coordinates"": [ 10.1887949, 56.1170434 ] } }",Trees,Grassland or park,"Shelter in scrub, not easy to get to, visible at close proximity",1,Concrete slabs,Barred (concrete slabs or earthen cover bar access fully or partially),SW,entryway-photo/0299-III-Adela-entryway-photo.jpg,Clean and exposed,Square,Side,0.3,emergency-exit-photo/0299-III-Adela-emergency-exit-photo.jpg,emergency-exit-photo/0299-III-Adela-emergency-exit-photo_1.jpg,NA,Inaccessible,5,10.1887949,56.1170434
0300-III-Adela,rec-fcefc67e-4379-4c8d-9691-c8396eded4bd,frev-d00e74dd-3c42-4450-aba6-715f7cf7e2da,Shelter,109468306189159e6,2024-10-05T14:21:26Z,Adela,300,0300-III-Adela,Tommy Cassoes data,overview-photo/0300-III-Adela-overview-photo.jpg,III,A,Fillippavej park edge,"{ ""type"": ""Feature"", ""properties"": { ""timestamp"": 1728137889784, ""altitude"": 100.09999999999999, ""speed"": 0.00041086706914938986, ""heading"": 0, ""accuracy"": 7.8000001907348633, ""altitude_accuracy"": 136.30000305175781 }, ""geometry"": { ""type"": ""Point"", ""coordinates"": [ 10.1837552, 56.116138399999997 ] } }",Trees,Grassland or park,NA,1,Concrete slabs,Barred (concrete slabs or earthen cover bar access fully or partially),W,entryway-photo/0300-III-Adela-entryway-photo.jpg,Shrouded in scrub and invisible unless you are looking for it,Square,Side,0.1,emergency-exit-photo/0300-III-Adela-emergency-exit-photo.jpg,NA,Inaccessible,NA,5,10.1837552,56.1161384
0301-III-Adela,rec-37b5deb4-613a-437f-84a9-9a33a581d87b,frev-5c52c6a3-5f42-4d3f-bdca-ce43ed1b38b2,Shelter,109468306189159e6,2024-10-05T14:26:59Z,Adela,301,0301-III-Adela,Tommy Cassoes data,overview-photo/0301-III-Adela-overview-photo.jpg,III,A,"Filipavej park edge, double shelter","{ ""type"": ""Feature"", ""properties"": { ""timestamp"": 1728138329738, ""altitude"": 174.39999999999998, ""speed"": 1.7002317905426025, ""heading"": 49.829582214355469, ""accuracy"": 8.3000001907348633, ""altitude_accuracy"": 149.30000305175781 }, ""geometry"": { ""type"": ""Point"", ""coordinates"": [ 10.1834337, 56.115774500000001 ] } }",Trees,Grassland or park,NA,1,Concrete slabs,Barred (concrete slabs or earthen cover bar access fully or partially),W,entryway-photo/0301-III-Adela-entryway-photo.jpg,Inaccessible due to vegetation,Square,Side,0.2,emergency-exit-photo/0301-III-Adela-emergency-exit-photo.jpg,NA,Inaccessible,NA,5,10.1834337,56.1157745
0302-III-Adela,rec-a62a553c-ad4e-4f6c-abc4-17d6df69cd56,frev-7f23c7f9-0a96-45f6-9ed8-78ec55c14ed2,Shelter,109468306189159e6,2024-10-05T14:41:46Z,Adela,302,0302-III-Adela,Tommy Cassoes data,overview-photo/0302-III-Adela-overview-photo.jpg,III,Single iteration,"Hjulbjergvej, next to school but outside the fence, probably for school busstop","{ ""type"": ""Feature"", ""properties"": { ""timestamp"": 1728138926008, ""altitude"": 109.7, ""speed"": 0.11434730887413025, ""heading"": 222.10618591308594, ""accuracy"": 10.100000381469727, ""altitude_accuracy"": 178.39999389648438 }, ""geometry"": { ""type"": ""Point"", ""coordinates"": [ 10.178288200000001, 56.114815 ] } }",Trees,Urban structures or paved,Easily accessible and clearly visible,1,Concrete slabs,Barred (concrete slabs or earthen cover bar access fully or partially),S,entryway-photo/0302-III-Adela-entryway-photo.jpg,"Clear , faces road",Square,Side,0.3,emergency-exit-photo/0302-III-Adela-emergency-exit-photo.jpg,emergency-exit-photo/0302-III-Adela-emergency-exit-photo_1.jpg,Invisible from road  covered by vine and trees,Inaccessible,5,10.1782882,56.114815
0303-III-Adela,rec-e3c9c33a-6811-4df6-8a4d-fc96b3737f86,frev-7f95dd1d-0fb0-4f6e-9bf2-2ee5813b1e43,Shelter,109468306189159e6,2024-10-12T13:11:11Z,Adela,303,0303-III-Adela,Tommy Cassoes data,overview-photo/0303-III-Adela-overview-photo.jpg,III,Single iteration,Vegavej location in a private garden with entrance facing off the road into garden. Exterior obscured by shrubs but concrete visible from sides,"{ ""type"": ""Feature"", ""properties"": { ""timestamp"": 1728738355317, ""altitude"": 112, ""speed"": 0.60688477754592896, ""heading"": 289.26547241210938, ""accuracy"": 9.1000003814697266, ""altitude_accuracy"": 1 }, ""geometry"": { ""type"": ""Point"", ""coordinates"": [ 10.1866118, 56.126460000000002 ] } }",Shrubs,Urban structures or paved,"Half on stree, half inside garden",1,Doorway,NA,SW,entryway-photo/0303-III-Adela-entryway-photo.jpg,"Entry is on south edge of shelter. faces garden,accessibility indeterminate,  but appears open.",Square,Side,0.3,emergency-exit-photo/0303-III-Adela-emergency-exit-photo.jpg,"Inside red fence, inaccessible",Inaccessible,NA,12,10.1866118,56.12646
0304-III-Adela,rec-9137f6f5-fd5a-420d-8067-898c9492d87b,frev-1e07d83a-8166-4e7a-a551-5fa55cb8bdf7,Shelter,109468306189159e6,2024-10-12T13:28:34Z,Adela,304,0304-III-Adela,Tommy Cassoes data,overview-photo/0304-III-Adela-overview-photo.jpg,III,Single iteration,"North segment of roundabout,  heavily overgrown entrance and hiding under adult trees, almost invisible at clo see proximity","{ ""type"": ""Feature"", ""properties"": { ""timestamp"": 1728739279487, ""altitude"": 56, ""speed"": 0.56567972898483276, ""heading"": 259, ""accuracy"": 9.1999998092651367, ""altitude_accuracy"": 100.09999847412109 }, ""geometry"": { ""type"": ""Point"", ""coordinates"": [ 10.184251700000001, 56.126944999999999 ] } }",Trees,Urban structures or paved,"Accessible from the roundabout, low wall on the Rosenvangs street side, invisible and unmaintained",1,Concrete slabs,Barred (concrete slabs or earthen cover bar access fully or partially),S,entryway-photo/0304-III-Adela-entryway-photo.jpg,"Pic takes from shelter top, entrance overgrown by bush, impenetrable.  Adult trees on top of she",Square,Side,0.3,emergency-exit-photo/0304-III-Adela-emergency-exit-photo.jpg,"East side, old , untouched,  gently overgrown",Inaccessible,NA,12,10.1842517,56.126945
0306-III-Adela,rec-be20c12a-3ffa-47d9-b56c-621711f6c5f9,frev-4b35c869-3c9f-4ced-9e15-8f487c90a40a,Shelter,109468306189159e6,2024-10-12T13:51:15Z,Adela,306,0306-III-Adela,Tommy Cassoes data,overview-photo/0306-III-Adela-overview-photo.jpg,III,Single iteration,Midtagervej corner of sportsfi,"{ ""type"": ""Feature"", ""properties"": { ""timestamp"": 1728740802856, ""altitude"": 85.699999999999989, ""speed"": 0.38707110285758972, ""heading"": 221, ""accuracy"": 6.0999999046325684, ""altitude_accuracy"": 119.30000305175781 }, ""geometry"": { ""type"": ""Point"", ""coordinates"": [ 10.178516699999999, 56.124306699999998 ] } }",Shrubs,Grassland or park,NA,1,NA,Other,W,entryway-photo/0306-III-Adela-entryway-photo.jpg,"Behind fence, bars assumed,  facing the tennis field not the road",Square,Side,0.3,emergency-exit-photo/0306-III-Adela-emergency-exit-photo.jpg,"South corner of shelter by boulevard,  overgrown by trees and visible to eye but hard to photograph,  pipe distance assumed  not seen",Inaccessible,NA,12,10.1785167,56.1243067
0307-III-Adela,rec-6c00eb79-0a1e-442c-9376-351823feb2d8,frev-1cbb8c49-69de-40e4-831a-a35b44739175,Shelter,109468306189159e6,2024-10-12T14:10:13Z,Adela,307,0307-III-Adela,Tommy Cassoes data,overview-photo/0307-III-Adela-overview-photo.jpg,III,A,"Between Holmes ringvej and Monradvej, facing the former,  easily visible at distance,  clear and accessible","{ ""type"": ""Feature"", ""properties"": { ""timestamp"": 1728741915558, ""altitude"": 67.5, ""speed"": 0.15596082806587219, ""heading"": 103, ""accuracy"": 5.9000000953674316, ""altitude_accuracy"": 100.09999847412109 }, ""geometry"": { ""type"": ""Point"", ""coordinates"": [ 10.162045000000001, 56.12341 ] } }",Grass,Grassland or park,NA,1,Concrete slabs,Barred (concrete slabs or earthen cover bar access fully or partially),E,entryway-photo/0307-III-Adela-entryway-photo.jpg,Tall and faces the ringholmvej road just north of railbridge,Square,Side,0.3,emergency-exit-photo/0307-III-Adela-emergency-exit-photo.jpg,"South is hidden by staircase in grass and tree, northern in plain view.  Old concrete top, untouched well preserve",Inaccessible,NA,12,10.162045,56.12341
0309-III-Adela,rec-44a8653a-2759-43bf-a856-04ac57a47262,frev-d68299f1-4d53-4e96-93bd-da6d0e79b3d3,Shelter,109468306189159e6,2024-10-12T14:39:03Z,Adela,309,0309-III-Adela,Tommy Cassoes data,overview-photo/0309-III-Adela-overview-photo.jpg,III,Single iteration,Terpvej across railway,"{ ""type"": ""Feature"", ""properties"": { ""timestamp"": 1728743937550, ""altitude"": 68.5, ""speed"": 1.0493230819702148, ""heading"": 42.176544189453125, ""accuracy"": 8.1999998092651367, ""altitude_accuracy"": 22.95411491394043 }, ""geometry"": { ""type"": ""Point"", ""coordinates"": [ 10.168118399999999, 56.125805200000002 ] } }",Grass,Urban structures or paved,NA,1,Other,Sealed (as in a layer of concrete seals a doorway),NW,entryway-photo/0309-III-Adela-entryway-photo.jpg,"Sealed by metal, facing road,in hillside",Square,Side,0.3,emergency-exit-photo/0309-III-Adela-emergency-exit-photo.jpg,South end of shelter,Inaccessible,NA,12,10.168118399999999,56.1258052
0311-III-Adela,rec-48f9c650-cece-43a8-97e8-98a4b6237daa,frev-ddc79308-8ff3-42be-8ed5-338f89f03140,Shelter,109468306189159e6,2024-10-12T14:57:21Z,Adela,311,0311-III-Adela,Tommy Cassoes data,overview-photo/0311-III-Adela-overview-photo.jpg,III,Single iteration,"Scout Park vibykongsvang gruppe, clearly visible shelter","{ ""type"": ""Feature"", ""properties"": { ""timestamp"": 1728744910695, ""altitude"": 60.099998474121094, ""speed"": 0.73605638742446899, ""heading"": 4.0717287063598633, ""accuracy"": 11.300000190734863, ""altitude_accuracy"": 10.947912216186523 }, ""geometry"": { ""type"": ""Point"", ""coordinates"": [ 10.1685248, 56.128578099999999 ] } }",Trees,Grassland or park,"Easily visible and accessible,  nicely appointed",1,Doorway,Locked,N,entryway-photo/0311-III-Adela-entryway-photo.jpg,NA,Square,Side,0.3,emergency-exit-photo/0311-III-Adela-emergency-exit-photo.jpg,NA,"Inaccessible, behind padlock",NA,12,10.1685248,56.1285781
0187-III-Adela,rec-73137744-e196-4a0b-ba57-55d3c2f03fbf,frev-10e25e32-f3ea-475b-903f-3ca1dabe580a,Shelter,10946830618915945e4,2024-09-21T11:53:51Z,Adela,187,0187-III-Adela,Tommy Cassoes data,overview-photo/0187-III-Adela-overview-photo.jpg,III,A,"Tilstvestervej 3a type next to the road, hidden under bushes of roses, cesmina, and nettles and trees","{ ""type"": ""Feature"", ""properties"": { ""timestamp"": 1726919179638, ""altitude"": 111.59999847412109, ""speed"": 0.34692278504371643, ""heading"": 168, ""accuracy"": 8.8999996185302734, ""altitude_accuracy"": 1 }, ""geometry"": { ""type"": ""Point"", ""coordinates"": [ 10.095276699999999, 56.191405000000003 ] } }",Shrubs,Grassland or park,Path runs next to feature which is virtually obscured by vines and dense overgrowth,1,Concrete slabs,Barred (concrete slabs or earthen cover bar access fully or partially),SW,entryway-photo/0187-III-Adela-entryway-photo.jpg,"Entryway on SWside of shelter,  facing the path. Exit at each end. Low only ca 1m above surroundings",Square,Side,0.3,emergency-exit-photo/0187-III-Adela-emergency-exit-photo.jpg,NA,Inaccessible,NA,21,10.0952767,56.191405
0188-III-Adela,rec-2398b8f4-7672-4932-88e8-780458037d3b,frev-ad4c98cf-e163-416e-b065-96c6c4098057,Shelter,10946830618915945e4,2024-09-21T12:10:37Z,Adela,188,0188-III-Adela,Tommy Cassoes data,overview-photo/0188-III-Adela-overview-photo.jpg,III,A,"Same as 187, but 250m to the south trees growing over double capacity shelter","{ ""type"": ""Feature"", ""properties"": { ""timestamp"": 1726920505678, ""altitude"": 16.899999999999999, ""speed"": 0, ""heading"": 0, ""accuracy"": 11.899999618530273, ""altitude_accuracy"": 100.09999847412109 }, ""geometry"": { ""type"": ""Point"", ""coordinates"": [ 10.092874999999999, 56.190579999999997 ] } }",Trees,Grassland or park,Heavily overgrown,1,Concrete slabs,Barred (concrete slabs or earthen cover bar access fully or partially),SW,entryway-photo/0188-III-Adela-entryway-photo.jpg,"Overgrown but not as hidden as 187, trimmed nicely to fit in the park",Square,Side,0.3,emergency-exit-photo/0188-III-Adela-emergency-exit-photo.jpg,NA,Inaccessible,NA,21,10.092875,56.19058
0189-III-Adela,rec-05467949-6f85-4a66-b7c3-5a635bbe1509,frev-6877ccf2-5ed9-4a60-92b1-7f50803762b5,Shelter,10946830618915945e4,2024-09-21T13:00:33Z,Adela,189,0189-III-Adela,Tommy Cassoes data,overview-photo/0189-III-Adela-overview-photo.jpg;overview-photo/0189-III-Adela-overview-photo_1.jpg,III,Single iteration,"Next to jernaldervej, in a ditch below road level in tall grass,  point taken on top of entrance. Rampconnects shelter with road","{ ""type"": ""Feature"", ""properties"": { ""timestamp"": 1726923586814, ""altitude"": 157.80000000000001, ""speed"": 0.011029629036784172, ""heading"": 0, ""accuracy"": 10, ""altitude_accuracy"": 100.09999847412109 }, ""geometry"": { ""type"": ""Point"", ""coordinates"": [ 10.1363269, 56.173098000000003 ] } }",Grass,Grassland or park,NA,1,Concrete slabs,Barred (concrete slabs or earthen cover bar access fully or partially),SSW,entryway-photo/0189-III-Adela-entryway-photo.jpg,NA,Square,Side,0.3,emergency-exit-photo/0189-III-Adela-emergency-exit-photo.jpg,"Metal cover part open, on north side",Inaccessible,NA,21,10.1363269,56.173098
0190-III-Adela,rec-6bb2f522-2eea-4710-9dcb-3f8565b43ffd,frev-ef928a93-6896-4138-b98b-0331601564c3,Shelter,10946830618915945e4,2024-09-21T13:08:23Z,Adela,190,0190-III-Adela,Tommy Cassoes data,overview-photo/0190-III-Adela-overview-photo.jpg,III,A,"West of 189, same below level position  with a ramp, overgrown with 0.8m grass","{ ""type"": ""Feature"", ""properties"": { ""timestamp"": 1726923879985, ""altitude"": 157.80000000000001, ""speed"": 0, ""heading"": 0, ""accuracy"": 11.899999618530273, ""altitude_accuracy"": 100.09999847412109 }, ""geometry"": { ""type"": ""Point"", ""coordinates"": [ 10.136039999999999, 56.173371699999997 ] } }",Grass,Grassland or park,"Grass is trodden with narrow paths, someone was checking these recently",1,Concrete slabs,Barred (concrete slabs or earthen cover bar access fully or partially),SSW,entryway-photo/0190-III-Adela-entryway-photo.jpg,NA,Square,Side,0.3,emergency-exit-photo/0190-III-Adela-emergency-exit-photo.jpg,NA,Inaccessible,NA,21,10.13604,56.1733717
0191-V-Adela,rec-364b208c-6076-4bb0-9eea-ae70964182c8,frev-05cfab1d-d08f-4dd9-ad0d-b78ac720c82b,Shelter,10946830618915945e4,2024-09-21T13:59:19Z,Adela,191,0191-V-Adela,Tommy Cassoes data,overview-photo/0191-V-Adela-overview-photo.jpg,V,Single iteration,Next to silkeborgvej in the engbakken and hovedgaden turn,"{ ""type"": ""Feature"", ""properties"": { ""timestamp"": 1726926742223, ""altitude"": 157.80000000000001, ""speed"": 1.6769649982452393, ""heading"": 169, ""accuracy"": 9.3000001907348633, ""altitude_accuracy"": 100.09999847412109 }, ""geometry"": { ""type"": ""Point"", ""coordinates"": [ 10.1124983, 56.152794999999998 ] } }",Trees,Grassland or park,"Uncertain type as the entrance is sealed with roof overstrips and no exit or pipe is in view. Theymaybeunder the linden tree whose branches reach to the ground. We searched below but could not locate a pipe, all other sidesare paved by roads",1,Access buried or indeterminate,Barred (concrete slabs or earthen cover bar access fully or partially),E,entryway-photo/0191-V-Adela-entryway-photo.jpg,"Entry sealed with asphalt tarp, like in playgrounds.",NA,NA,0,NA,NA,Inaccessible,NA,21,10.1124983,56.152795
0192-IV-Adela,rec-3c102748-ec1a-445e-bea4-978b31e36316,frev-4455cff4-9fc9-48e5-b8f4-0645cc66b149,Shelter,10946830618915945e4,2024-09-21T14:18:39Z,Adela,192,0192-IV-Adela,Tommy Cassoes data,overview-photo/0192-IV-Adela-overview-photo.jpg,IV,Single iteration,"Truevej 7,brabrand","{ ""type"": ""Feature"", ""properties"": { ""timestamp"": 1726927955370, ""altitude"": 157.80000000000001, ""speed"": 0, ""heading"": 0, ""accuracy"": 11.899999618530273, ""altitude_accuracy"": 100.09999847412109 }, ""geometry"": { ""type"": ""Point"", ""coordinates"": [ 10.1008833, 56.153733299999999 ] } }",Shrubs,Urban structures or paved,"Feature at street level, serves as bike storage, scrub and hedges on top, passable, climbable Covered",1,Doorway,Locked,S,entryway-photo/0192-IV-Adela-entryway-photo.jpg;entryway-photo/0192-IV-Adela-entryway-photo_1.jpg,Accessible and in use bylocal residents,Round,Central,1,emergency-exit-photo/0192-IV-Adela-emergency-exit-photo.jpg,Swanneck hidden in bushes ca 1m from exit in NE direction,Bike cellar with narrow entryway.at street level and protruding up to the bridge with silkeborgvej overpass,NA,21,10.1008833,56.1537333
0193-IV-Adela,rec-e93fb355-99b6-4061-bd38-b1ce4a013804,frev-c589cd5b-3702-4b17-a532-20c0a7923f29,Shelter,10946830618915945e4,2024-09-21T18:01:49Z,Adela,193,0193-IV-Adela,Tommy Cassoes data,overview-photo/0193-IV-Adela-overview-photo.jpg;overview-photo/0193-IV-Adela-overview-photo_1.jpg,IV,Single iteration,"Located in a garden at sødalsvej 1, type 4, entrance before garage, exit under trees, swanneck not visible","{ ""type"": ""Feature"", ""properties"": { ""timestamp"": 1726929665547, ""altitude"": 157.80000000000001, ""speed"": 0.00078134727664291859, ""heading"": 0, ""accuracy"": 9.5, ""altitude_accuracy"": 100.09999847412109 }, ""geometry"": { ""type"": ""Point"", ""coordinates"": [ 10.093856499999999, 56.152826599999997 ] } }",Trees,Playground or schoolyard,Private yard or Garden,1,Concrete slabs,Barred (concrete slabs or earthen cover bar access fully or partially),W,entryway-photo/0193-IV-Adela-entryway-photo.jpg,Entryway level with road,Round,Central,3,emergency-exit-photo/0193-IV-Adela-emergency-exit-photo.jpg;emergency-exit-photo/0193-IV-Adela-emergency-exit-photo_1.jpg,"Old, concrete top, some damage. Sealed with metal straps, straight pipe some 3m away, top sawn off",Inaccessible,Owner present. Reported that kommune sealed the exit 2 years ago,21,10.0938565,56.1528266
0194-III-Adela,rec-6cc081cd-3221-4401-b403-1438f4a92641,frev-9ac941d1-4036-48ff-bb98-fb111b49ce25,Shelter,10946830618915945e4,2024-09-22T13:08:04Z,Adela,194,0194-III-Adela,Tommy Cassoes data,overview-photo/0194-III-Adela-overview-photo.jpg,III,Single iteration,"North end of Permanente,  the most southern  or proximate to the beach, 3levated above the pedestrian zone","{ ""type"": ""Feature"", ""properties"": { ""timestamp"": 1727009793538, ""altitude"": 46.899997711181641, ""speed"": 3.3830897808074951, ""heading"": 72.9644775390625, ""accuracy"": 10.130000114440918, ""altitude_accuracy"": 1.0304024219512939 }, ""geometry"": { ""type"": ""Point"", ""coordinates"": [ 10.230861600000001, 56.177209499999996 ] } }",Trees,Forest,"Well visible and clear view shelter, with good access and not overgrown. The tall tree canopy makes it hard to capture GPS though. Top of exit and entrance (sandfilter recently braced with metal strap and lid)",1,Concrete slabs,Barred (concrete slabs or earthen cover bar access fully or partially),NW,entryway-photo/0194-III-Adela-entryway-photo.jpg;entryway-photo/0194-III-Adela-entryway-photo_1.jpg,NA,Square,Side,0.3,emergency-exit-photo/0194-III-Adela-emergency-exit-photo.jpg,"Metal top but closed, swanneck mangled, c9ncrete lid lies at the beach side of shelter",Inaccessible,NA,22,10.2308616,56.1772095
0195-III-Adela,rec-09b4c9fa-97e2-4e39-a132-698504472878,frev-d0692ad9-6efa-4e1b-8aa2-272ebbc8cd21,Shelter,10946830618915945e4,2024-09-22T13:06:25Z,Adela,195,0195-III-Adela,Tommy Cassoes data,overview-photo/0195-III-Adela-overview-photo.jpg,III,Single iteration,"Secon along the north edge of den Permanente, in axis with 194, parallel with beach. Point captured on sandfilter.","{ ""type"": ""Feature"", ""properties"": { ""timestamp"": 1727010204479, ""altitude"": 46.899997711181641, ""speed"": 0, ""heading"": 0, ""accuracy"": 35.430000305175781, ""altitude_accuracy"": 2.0902860164642334 }, ""geometry"": { ""type"": ""Point"", ""coordinates"": [ 10.230434199999999, 56.177299400000003 ] } }",Trees,Forest,NA,1,Concrete slabs,Barred (concrete slabs or earthen cover bar access fully or partially),NW,entryway-photo/0195-III-Adela-entryway-photo.jpg,"Good condition,  hidden under branches but clear",Square,Side,0.3,emergency-exit-photo/0195-III-Adela-emergency-exit-photo.jpg,NA,Inaccessible,NA,22,10.2304342,56.1772994
0196-III-Adela,rec-35fda123-dbf4-437a-85e6-dce700b85c09,frev-5ac928d8-46c6-4d95-b7c5-a6b5bdde5097,Shelter,10946830618915945e4,2024-09-22T13:22:16Z,Adela,196,0196-III-Adela,Tommy Cassoes data,overview-photo/0196-III-Adela-overview-photo.jpg;overview-photo/0196-III-Adela-overview-photo_1.jpg,III,Single iteration,NA,"{ ""type"": ""Feature"", ""properties"": { ""timestamp"": 1727011324859, ""altitude"": 46.899997711181641, ""speed"": 0.070159867405891418, ""heading"": 0, ""accuracy"": 28.750999450683594, ""altitude_accuracy"": 2.0218563079833984 }, ""geometry"": { ""type"": ""Point"", ""coordinates"": [ 10.230324400000001, 56.1773582 ] } }",Trees,Forest,NA,1,Concrete slabs,Barred (concrete slabs or earthen cover bar access fully or partially),SE,entryway-photo/0196-III-Adela-entryway-photo.jpg,NA,Square,Side,0.3,emergency-exit-photo/0196-III-Adela-emergency-exit-photo.jpg,NA,Inaccessible,NA,22,10.2303244,56.1773582
0197-III-Adela,rec-40dcf3e1-a928-45d8-ad5d-89e688249c5e,frev-fe2822a1-1cb0-497a-a406-43624799e470,Shelter,10946830618915945e4,2024-09-22T13:36:22Z,Adela,197,0197-III-Adela,Tommy Cassoes data,overview-photo/0197-III-Adela-overview-photo.jpg,III,Single iteration,Western side parallel with pedestrian access path leading from south to den Per,"{ ""type"": ""Feature"", ""properties"": { ""timestamp"": 1727011961350, ""altitude"": 44.5, ""speed"": 0.19451406598091125, ""heading"": 173.56069946289062, ""accuracy"": 9.3000001907348633, ""altitude_accuracy"": 30.612722396850586 }, ""geometry"": { ""type"": ""Point"", ""coordinates"": [ 10.2281783, 56.175632399999998 ] } }",Trees,Forest,"West side of the south access pedestrian path leading to Permanente,  under the trees. High (2-3m) above surround",1,Concrete slabs,Barred (concrete slabs or earthen cover bar access fully or partially),SE,entryway-photo/0197-III-Adela-entryway-photo.jpg,Sandfilter sealed w metal straps,Square,Side,0.3,emergency-exit-photo/0197-III-Adela-emergency-exit-photo.jpg,Old Concrete top,Inaccessible,NA,22,10.2281783,56.1756324
0198-III-Adela,rec-db4ce7d2-8fd9-4372-be10-ac281bd78f6f,frev-f3a3d626-7b3f-41d5-8e7b-1e8b86947eea,Shelter,10946830618915945e4,2024-09-22T13:59:00Z,Adela,198,0198-III-Adela,Tommy Cassoes data,overview-photo/0198-III-Adela-overview-photo.jpg,III,Single iteration,"Stations gave 25 parking spot. Entrance visible, level with ground","{ ""type"": ""Feature"", ""properties"": { ""timestamp"": 1727013301059, ""altitude"": 44.5, ""speed"": 1.3506311178207397, ""heading"": 298, ""accuracy"": 8.5, ""altitude_accuracy"": 70.992942810058594 }, ""geometry"": { ""type"": ""Point"", ""coordinates"": [ 10.23409, 56.183591700000001 ] } }",Other,Urban structures or paved,NA,1,Concrete slabs,Barred (concrete slabs or earthen cover bar access fully or partially),NNE,entryway-photo/0198-III-Adela-entryway-photo.jpg,Entryway runs into green hedge and vegetation between prorties,NA,NA,0,NA,"Not found, vegetation obstructs",Inaccessible,NA,22,10.23409,56.1835917
0278-III-Adela,rec-57a8e4dd-be10-4385-8dcd-27cb7fa9a828,frev-92fde140-866b-45aa-99f4-439edd1c5920,Shelter,10946830618915945e4,2024-09-19T12:58:09Z,Adela,278,0278-III-Adela,Tommy Cassoes data,overview-photo/0278-III-Adela-overview-photo.jpg;overview-photo/0278-III-Adela-overview-photo_1.jpg,III,A,"Corner between Skolevangs Allen and Grenåvej, immediately on the West edge of Skolevangsalle down by bike path leading to a underpass opposite a busstop","{ ""type"": ""Feature"", ""properties"": { ""timestamp"": 1726748292000, ""altitude"": 111.69999694824219, ""speed"": 0.15801972150802612, ""heading"": 103, ""accuracy"": 5.3000001907348633, ""altitude_accuracy"": 1 }, ""geometry"": { ""type"": ""Point"", ""coordinates"": [ 10.220890000000001, 56.195036700000003 ] } }",Shrubs,Grassland or park,"Double shelter,type 3A,overgrown with shrubs and trees, well camouflaged",1,Concrete slabs,Barred (concrete slabs or earthen cover bar access fully or partially),E,entryway-photo/0278-III-Adela-entryway-photo.jpg,Overgrown,Square,Side,0.3,emergency-exit-photo/0278-III-Adela-emergency-exit-photo.jpg;emergency-exit-photo/0278-III-Adela-emergency-exit-photo_1.jpg,"Concrete tops hidden in bushes, with swannecks on ext visible hard to shoot",Not accessible,NA,19,10.22089,56.1950367
0279-III-Adela,rec-c2849044-fea5-453e-92a0-9032cb38c8d5,frev-1573b72c-859d-4f7e-97d9-6ec8628e83c9,Shelter,10946830618915945e4,2024-09-19T13:06:17Z,Adela,279,0279-III-Adela,Tommy Cassoes data,overview-photo/0279-III-Adela-overview-photo.jpg;overview-photo/0279-III-Adela-overview-photo_1.jpg;overview-photo/0279-III-Adela-overview-photo_2.jpg,III,A,Same as 278,"{ ""type"": ""Feature"", ""properties"": { ""timestamp"": 1726749234227, ""altitude"": 135.80000000000001, ""speed"": 0, ""heading"": 0, ""accuracy"": 11, ""altitude_accuracy"": 100.09999847412109 }, ""geometry"": { ""type"": ""Point"", ""coordinates"": [ 10.220273300000001, 56.195098299999998 ] } }",Shrubs,Grassland or park,NA,1,Concrete slabs,Open,W,entryway-photo/0279-III-Adela-entryway-photo.jpg,"Level with ground,  part open, middle of park visible in satimg",Square,Side,0.3,emergency-exit-photo/0279-III-Adela-emergency-exit-photo.jpg;emergency-exit-photo/0279-III-Adela-emergency-exit-photo_1.jpg,"Concrete cover part open, ladder visible inside","Clean recently opened, no dirt, numbers still visible, 2674, 2573",Beautiful interior,19,10.2202733,56.1950983
0280-III-Adela,rec-e3850d8c-10b4-44c8-b1fa-b6166c472127,frev-972aec2e-1d7a-43cc-b82b-5d1dcb78d816,Shelter,10946830618915945e4,2024-09-19T13:28:47Z,Adela,280,0280-III-Adela,Tommy Cassoes data,overview-photo/0280-III-Adela-overview-photo.jpg;overview-photo/0280-III-Adela-overview-photo_1.jpg,III,A,"Inside interchange Park hedge at skovangsalle and grenåvej crossing, inhabited by el.workshop, clean staircase","{ ""type"": ""Feature"", ""properties"": { ""timestamp"": 1726751683121, ""altitude"": 109.10000000000001, ""speed"": 0, ""heading"": 0, ""accuracy"": 10.399999618530273, ""altitude_accuracy"": 196.69999694824219 }, ""geometry"": { ""type"": ""Point"", ""coordinates"": [ 10.221225, 56.194863300000002 ] } }",Shrubs,Grassland or park,"Inside interchange Park hedge, inhabited by el.workshop, clean staircase",1,Concrete slabs,Open,E,entryway-photo/0280-III-Adela-entryway-photo.jpg,"Open, level access point, stairs go down, some colonisation efforts here",Square,Side,0.3,emergency-exit-photo/0280-III-Adela-emergency-exit-photo.jpg;emergency-exit-photo/0280-III-Adela-emergency-exit-photo_1.jpg,"Leads to the south concrete cover, old and overgrown",Accessible but locked doors,NA,19,10.221225,56.1948633
0281-III-Adela,rec-5691cca3-cb58-4df0-aab7-3f35f64e7823,frev-8f9f0aad-e8c1-474e-8cea-6e86459ccd25,Shelter,10946830618915945e4,2024-09-19T13:36:46Z,Adela,281,0281-III-Adela,Tommy Cassoes data,overview-photo/0281-III-Adela-overview-photo.jpg,III,Single iteration,"Inside interchange Park , two sets of shelters, clean staircase","{ ""type"": ""Feature"", ""properties"": { ""timestamp"": 1726752910484, ""altitude"": 126.8, ""speed"": 0, ""heading"": 0, ""accuracy"": 13.399999618530273, ""altitude_accuracy"": 100.09999847412109 }, ""geometry"": { ""type"": ""Point"", ""coordinates"": [ 10.2206267, 56.194866699999999 ] } }",Shrubs,Grassland or park,NA,1,Concrete slabs,Barred (concrete slabs or earthen cover bar access fully or partially),E,entryway-photo/0281-III-Adela-entryway-photo.jpg,"Graffiti on barred entrance,  stairs lead to it",Square,Side,0.3,emergency-exit-photo/0281-III-Adela-emergency-exit-photo.jpg,Nice old concrete,Inaccessible,NA,19,10.2206267,56.1948667
0282-III-Adela,rec-dd0d4c82-1c46-4e26-83d6-037ebae45485,frev-75813d48-cf1f-4a74-85e0-12523e349ebb,Shelter,10946830618915945e4,2024-09-19T14:53:08Z,Adela,282,0282-III-Adela,Tommy Cassoes data,overview-photo/0282-III-Adela-overview-photo.jpg;overview-photo/0282-III-Adela-overview-photo_1.jpg,III,Single iteration,"Next to beach in Risskov , Sandagervej and Humlevej intersection, next to beach walk between houses, obscured by low but dense ones and roses and raspberries vines","{ ""type"": ""Feature"", ""properties"": { ""timestamp"": 1726756921899, ""altitude"": 40.400000000000006, ""speed"": 0.082395598292350769, ""heading"": 0, ""accuracy"": 10, ""altitude_accuracy"": 100.09999847412109 }, ""geometry"": { ""type"": ""Point"", ""coordinates"": [ 10.2709738, 56.199111000000002 ] } }",Other,Urban structures or paved,On ne side supported by wall of 6 rows of bricks,1,Concrete slabs,Barred (concrete slabs or earthen cover bar access fully or partially),SW,entryway-photo/0282-III-Adela-entryway-photo.jpg,NA,Square,Side,0.3,emergency-exit-photo/0282-III-Adela-emergency-exit-photo.jpg,"Concrete, old, covered in roses",Inaccessible,NA,19,10.2709738,56.199111
0283-III-Adela,rec-9b74fc74-2566-4d93-9802-1b2e8b555e1b,frev-acefe565-cad9-4009-b96d-1a016b7125b5,Shelter,10946830618915945e4,2024-09-19T15:09:49Z,Adela,283,0283-III-Adela,Tommy Cassoes data,overview-photo/0283-III-Adela-overview-photo.jpg;overview-photo/0283-III-Adela-overview-photo_1.jpg;overview-photo/0283-III-Adela-overview-photo_2.jpg,III,Single iteration,Inside børnehave,"{ ""type"": ""Feature"", ""properties"": { ""timestamp"": 1726758410458, ""altitude"": 40.400000000000006, ""speed"": 0, ""heading"": 0, ""accuracy"": 9.6999998092651367, ""altitude_accuracy"": 100.09999847412109 }, ""geometry"": { ""type"": ""Point"", ""coordinates"": [ 10.26681, 56.202770000000001 ] } }",Playground,Playground or schoolyard,Inside bornehave playground,1,Access buried or indeterminate,NA,NOT AVAILABLE,entryway-photo/0283-III-Adela-entryway-photo.jpg,NA,NA,Side,0,emergency-exit-photo/0283-III-Adela-emergency-exit-photo.jpg,"Missing, buried or removed",Inaccessible,NA,19,10.26681,56.20277
0284-III-Adela,rec-60d97b6e-171b-471b-b91b-cd3d5efb70cd,frev-cbcd691d-79fd-47c4-bc84-ec1db798c2d1,Shelter,10946830618915945e4,2024-09-19T15:35:58Z,Adela,284,0284-III-Adela,Tommy Cassoes data,overview-photo/0284-III-Adela-overview-photo.jpg;overview-photo/0284-III-Adela-overview-photo_1.jpg,III,A,Next to Risskov tennis fields a nice clear Iiia type opens to the area,"{ ""type"": ""Feature"", ""properties"": { ""timestamp"": 1726759881773, ""altitude"": 40.400000000000006, ""speed"": 0, ""heading"": 0, ""accuracy"": 9.8000001907348633, ""altitude_accuracy"": 100.09999847412109 }, ""geometry"": { ""type"": ""Point"", ""coordinates"": [ 10.2487517, 56.194614999999999 ] } }",Trees,Playground or schoolyard,Shelter in the sports areal,1,Concrete slabs,Barred (concrete slabs or earthen cover bar access fully or partially),W,entryway-photo/0284-III-Adela-entryway-photo.jpg;entryway-photo/0284-III-Adela-entryway-photo_1.jpg,"Densely overgrown,  hard to see or access",Square,Side,0.3,emergency-exit-photo/0284-III-Adela-emergency-exit-photo.jpg;emergency-exit-photo/0284-III-Adela-emergency-exit-photo_1.jpg,Both clear and accessible,Inaccessible,NA,19,10.2487517,56.194615
0285-III-Adela,rec-cb91a903-d90e-4700-8f76-71e46fbd85c9,frev-99910ef5-7f93-4657-bfdc-5c5ec9088351,Shelter,10946830618915945e4,2024-09-19T16:00:27Z,Adela,285,0285-III-Adela,Tommy Cassoes data,overview-photo/0285-III-Adela-overview-photo.jpg;overview-photo/0285-III-Adela-overview-photo_1.jpg,III,Single iteration,"Bellevue Beach, nice clear single iii type shelter","{ ""type"": ""Feature"", ""properties"": { ""timestamp"": 1726761397248, ""altitude"": 40.400000000000006, ""speed"": 0, ""heading"": 0, ""accuracy"": 8.3000001907348633, ""altitude_accuracy"": 100.09999847412109 }, ""geometry"": { ""type"": ""Point"", ""coordinates"": [ 10.247534999999999, 56.1905 ] } }",Trees,Grassland or park,Surrounding land use in beach,1,Concrete slabs,Barred (concrete slabs or earthen cover bar access fully or partially),NE,entryway-photo/0285-III-Adela-entryway-photo.jpg,NA,Square,Side,0.3,emergency-exit-photo/0285-III-Adela-emergency-exit-photo.jpg;emergency-exit-photo/0285-III-Adela-emergency-exit-photo_1.jpg,"Lid missing,  exit is open","Glimpsed from exit chimney, trash inside",NA,19,10.247535,56.1905
0286-III-Adela,rec-e0f76f25-bede-49b1-9268-ae4c11efac47,frev-f8d1317e-5bc5-4250-96b6-48e24c84358e,Shelter,10946830618915945e4,2024-09-19T16:29:10Z,Adela,286,0286-III-Adela,Tommy Cassoes data,overview-photo/0286-III-Adela-overview-photo.jpg,III,Single iteration,Forever parkinglot near the bellevue beach,"{ ""type"": ""Feature"", ""properties"": { ""timestamp"": 1726763291026, ""altitude"": 40.400000000000006, ""speed"": 0.27074387669563293, ""heading"": 34, ""accuracy"": 9.8000001907348633, ""altitude_accuracy"": 100.09999847412109 }, ""geometry"": { ""type"": ""Point"", ""coordinates"": [ 10.243388299999999, 56.191756699999999 ] } }",Grass,Urban structures or paved,NA,1,Concrete slabs,Locked,SW,entryway-photo/0286-III-Adela-entryway-photo.jpg;entryway-photo/0286-III-Adela-entryway-photo_1.jpg,"Entryway is not barred, but door is locked. Floor is covered with water and trash. Sandfilter is a favourite spot for local cat",Square,Side,0.3,emergency-exit-photo/0286-III-Adela-emergency-exit-photo.jpg,Concrete cover closed,Inaccessible,NA,19,10.2433883,56.1917567
0287-III-Adela,rec-9c2daa3c-3461-4cc2-8f00-677df4ee7bc0,frev-9ae9167b-9434-410e-9c72-f402b9c6be2b,Shelter,10946830618915945e4,2024-09-22T14:32:27Z,Adela,287,0287-III-Adela,Tommy Cassoes data,overview-photo/0287-III-Adela-overview-photo.jpg,III,Single iteration,"In park east off Rolighedvej, positioned parallel with the tram line, under a dense tree cover in otherwise grassy Park.","{ ""type"": ""Feature"", ""properties"": { ""timestamp"": 1727015077030, ""altitude"": 34.099999999999994, ""speed"": 0.50929075479507446, ""heading"": 174.99734497070312, ""accuracy"": 7.8000001907348633, ""altitude_accuracy"": 111.69999694824219 }, ""geometry"": { ""type"": ""Point"", ""coordinates"": [ 10.2377599, 56.1862882 ] } }",Trees,Grassland or park,NA,1,Concrete slabs,Open,WNW,entryway-photo/0287-III-Adela-entryway-photo.jpg;entryway-photo/0287-III-Adela-entryway-photo_1.jpg,"Unbarred, the slabs removed, the door is unlocked,  access takes a jump down onto staircase",Square,Side,0.3,emergency-exit-photo/0287-III-Adela-emergency-exit-photo.jpg,NA,"accessible, full of mosquitoes,  spiders and trash",NA,22,10.2377599,56.1862882
0288-III-Adela,rec-d2ca9b5d-8543-4f05-9923-78a947165892,frev-cb19a120-0c6a-48f2-9925-a25baac13c9c,Shelter,10946830618915945e4,2024-09-22T15:13:06Z,Adela,288,0288-III-Adela,Tommy Cassoes data,overview-photo/0288-III-Adela-overview-photo.jpg;overview-photo/0288-III-Adela-overview-photo_1.jpg,III,A,"Stand of trees in a residential area hides double capacity shelter,  accessible from both parking lots n and south. Invisible under the trees, angel stands at the E exit in photo","{ ""type"": ""Feature"", ""properties"": { ""timestamp"": 1727016549640, ""altitude"": 77.200000000000003, ""speed"": 0.30111894011497498, ""heading"": 166.91987609863281, ""accuracy"": 5, ""altitude_accuracy"": 98.900001525878906 }, ""geometry"": { ""type"": ""Point"", ""coordinates"": [ 10.2342982, 56.195158300000003 ] } }",Trees,Grassland or park,NA,1,Concrete slabs,Barred (concrete slabs or earthen cover bar access fully or partially),S,entryway-photo/0288-III-Adela-entryway-photo.jpg,"Only two slabs visible,  all others buried. Old concrete, undisturbe. Pipe sticks out of sandfilter and bends into the ground",Square,Side,0.3,emergency-exit-photo/0288-III-Adela-emergency-exit-photo.jpg,"Metal lid, tall protruding from ground,  invisible due to shrubs and leaves.  Sneak some 25 o 40cm distant",Inaccessible,NA,22,10.2342982,56.1951583
0289-III-Adela,rec-0facb3cb-9d55-41ab-a0e9-51e5590d6b60,frev-451721fa-4f1b-422f-bfea-9b981b9f0305,Shelter,10946830618915945e4,2024-09-22T15:20:13Z,Adela,289,0289-III-Adela,Tommy Cassoes data,overview-photo/0289-III-Adela-overview-photo.jpg,III,Single iteration,"Rigelvej  south corner at the edge of property, under the vegetation , angel stands on top of sandfilter drum in photo,,","{ ""type"": ""Feature"", ""properties"": { ""timestamp"": 1727018142375, ""altitude"": 77.200000000000003, ""speed"": 0.22812291979789734, ""heading"": 50.721748352050781, ""accuracy"": 7.5, ""altitude_accuracy"": 98.900001525878906 }, ""geometry"": { ""type"": ""Point"", ""coordinates"": [ 10.2266713, 56.197969200000003 ] } }",Shrubs,Urban structures or paved,NA,1,Concrete slabs,Barred (concrete slabs or earthen cover bar access fully or partially),WSW,entryway-photo/0289-III-Adela-entryway-photo.jpg,We assume the entrance is from street but cannot confirm due to the vines. Very invisible in current state,Square,Side,0.3,emergency-exit-photo/0289-III-Adela-emergency-exit-photo.jpg,"Metal top, obscured by veg",Inaccessible,NA,22,10.2266713,56.1979692
0290-III-Adela,rec-d6885156-fc23-4c85-800a-3624024b069a,frev-43f47fd8-faf8-4b59-9585-b22cf4abd204,Shelter,10946830618915945e4,2024-09-22T15:39:27Z,Adela,290,0290-III-Adela,Tommy Cassoes data,overview-photo/0290-III-Adela-overview-photo.jpg;overview-photo/0290-III-Adela-overview-photo_1.jpg,III,Single iteration,Next to roundabout in Risskovskolepark. VISIBLE,"{ ""type"": ""Feature"", ""properties"": { ""timestamp"": 1727019266324, ""altitude"": 87, ""speed"": 0.49825111031532288, ""heading"": 343, ""accuracy"": 13.100000381469727, ""altitude_accuracy"": 102.80000305175781 }, ""geometry"": { ""type"": ""Point"", ""coordinates"": [ 10.229469999999999, 56.191683300000001 ] } }",Trees,Grassland or park,NA,1,Concrete slabs,Barred (concrete slabs or earthen cover bar access fully or partially),WNW,entryway-photo/0290-III-Adela-entryway-photo.jpg,"Easy to access, visible at close range, exit in scrub ,hard to see or access",Square,Side,0.3,emergency-exit-photo/0290-III-Adela-emergency-exit-photo.jpg,"Swanneck tall at 1m, obscured by scrub",Inaccessible,NA,22,10.22947,56.1916833
0291-III-Adela,rec-7e5de5f9-70b7-40f9-9999-3a5dd6f610a2,frev-a0ac4289-6adb-4857-a893-05fe628a9755,Shelter,10946830618915945e4,2024-09-22T15:54:48Z,Adela,291,0291-III-Adela,Tommy Cassoes data,overview-photo/0291-III-Adela-overview-photo.jpg,III,Single iteration,"Harald Selmers vej 2, in a park next to busstop,  covered by large linden trees, visible at short range, but not conspicuous","{ ""type"": ""Feature"", ""properties"": { ""timestamp"": 1727020284241, ""altitude"": 110.7, ""speed"": 0.32993695139884949, ""heading"": 259, ""accuracy"": 11.5, ""altitude_accuracy"": 208.89999389648438 }, ""geometry"": { ""type"": ""Point"", ""coordinates"": [ 10.225456700000001, 56.185206700000002 ] } }",Trees,Grassland or park,NA,1,Concrete slabs,Barred (concrete slabs or earthen cover bar access fully or partially),NNW,entryway-photo/0291-III-Adela-entryway-photo.jpg,Fallen trees over the sandfilter,Square,Side,0.3,emergency-exit-photo/0291-III-Adela-emergency-exit-photo.jpg,Concrete top,Inaccessible,NA,22,10.2254567,56.1852067
0292-III-Adela,rec-db05e6b2-8f84-41d7-b51a-c24571f44f11,frev-fb75ad84-92cc-44ff-966b-180db1af5f5c,Shelter,10946830618915945e4,2024-09-22T16:13:13Z,Adela,292,0292-III-Adela,Tommy Cassoes data,overview-photo/0292-III-Adela-overview-photo.jpg,III,Single iteration,"Øster skovvej 8 and 10 , impenetrable scrub, unverifiable.  No feature visible, but visibility terrible. No paths trodden like in other places","{ ""type"": ""Feature"", ""properties"": { ""timestamp"": 1727021491412, ""altitude"": 71.199996948242188, ""speed"": 0, ""heading"": 0, ""accuracy"": 46.273998260498047, ""altitude_accuracy"": 7.174562931060791 }, ""geometry"": { ""type"": ""Point"", ""coordinates"": [ 10.229525000000001, 56.1823427 ] } }",Shrubs,Other,NA,1,NA,NA,NOT AVAILABLE,entryway-photo/0292-III-Adela-entryway-photo.jpg,NA,NA,NA,0,emergency-exit-photo/0292-III-Adela-emergency-exit-photo.jpg,NA,NA,NA,22,10.229525,56.1823427
